<?xml version="1.0"?>

<reference><info><title>manpages Processing Instruction Reference</title>
    <releaseinfo role="meta">
      $Id: pi.xsl 7644 2008-01-16 11:04:07Z xmldoc $
    </releaseinfo>
  </info>
  <partintro xml:id="partintro">
    <title>Introduction</title>
    
<para>This is generated reference documentation for all
      user-specifiable processing instructions (PIs) in the DocBook
      XSL stylesheets for manpages output.
      <note>
        
<para>You add these PIs at particular points in a document to
          cause specific “exceptions” to formatting/output behavior. To
          make global changes in formatting/output behavior across an
          entire document, it’s better to do it by setting an
          appropriate stylesheet parameter (if there is one).</para>

      </note>
    </para>

  </partintro>

<refentry xmlns:xlink="http://www.w3.org/1999/xlink" xml:id="dbman_funcsynopsis-style">
<refnamediv>
<refname>dbman_funcsynopsis-style</refname>
<refpurpose>Specifies presentation style for a funcsynopsis.</refpurpose>
</refnamediv>
<refsynopsisdiv>

    <synopsis><tag class="xmlpi">dbman funcsynopsis-style="kr"|"ansi"</tag></synopsis>
  
</refsynopsisdiv>
<refsect1><title/>
    
<para>Use the <tag class="xmlpi">dbman
        funcsynopsis-style</tag> PI as a child of a
      <tag>funcsynopsis</tag> or anywhere within a funcsynopsis
      to control the presentation style for output of all
      <tag>funcprototype</tag> instances within that funcsynopsis.</para>

  </refsect1><refsect1><title>Parameters</title>
    
<variablelist>
      <varlistentry><term>funcsynopsis-style="kr"</term>
        <listitem>
          
<para>Displays the <tag>funcprototype</tag> in K&amp;R style</para>

        </listitem>
      </varlistentry>
      <varlistentry><term>funcsynopsis-style="ansi"</term>
        <listitem>
          
<para>Displays the <tag>funcprototype</tag> in ANSI style</para>

        </listitem>
      </varlistentry>
    </variablelist>

  </refsect1><refsect1 role="params"><title>Related Global Parameters</title>
    
<para><parameter>man.funcsynopsis.style</parameter></para>

  </refsect1></refentry>
</reference>

